{"episode": 100, "avg_reward": 238.71, "actor_loss": 3.260425174289594e-08, "value_loss": 2380.178955078125, "entropy": 0.880595862865448, "total_loss": 1190.088623046875}
{"episode": 200, "avg_reward": 263.17, "actor_loss": -7.335956553333745e-08, "value_loss": 3817.660400390625, "entropy": 0.5848898887634277, "total_loss": 1908.82958984375}
{"episode": 300, "avg_reward": 244.39, "actor_loss": -5.052579155062631e-08, "value_loss": 10151.7666015625, "entropy": 0.7626826763153076, "total_loss": 5075.88232421875}
{"episode": 400, "avg_reward": 254.41, "actor_loss": 2.0509125064904765e-08, "value_loss": 3308.755126953125, "entropy": 0.6775618195533752, "total_loss": 1654.3768310546875}
{"episode": 500, "avg_reward": 274.18, "actor_loss": -0.0, "value_loss": 5496.2314453125, "entropy": 0.5392791032791138, "total_loss": 2748.115234375}
{"episode": 600, "avg_reward": 343.55, "actor_loss": -2.9686360036862425e-08, "value_loss": 3595.711181640625, "entropy": 0.4029933512210846, "total_loss": 1797.855224609375}
{"episode": 700, "avg_reward": 380.77, "actor_loss": 8.553133312716454e-09, "value_loss": 3890.86279296875, "entropy": 0.3629809617996216, "total_loss": 1945.4310302734375}
{"episode": 800, "avg_reward": 329.97, "actor_loss": 1.9169332787782878e-08, "value_loss": 6548.3603515625, "entropy": 0.33730348944664, "total_loss": 3274.179931640625}
{"episode": 900, "avg_reward": 397.15, "actor_loss": -1.5730709890249273e-07, "value_loss": 8530.630859375, "entropy": 0.28384700417518616, "total_loss": 4265.31494140625}
{"episode": 1000, "avg_reward": 398.47, "actor_loss": 3.919209490277353e-08, "value_loss": 5276.9775390625, "entropy": 0.30512481927871704, "total_loss": 2638.488525390625}
{"episode": 1100, "avg_reward": 350.76, "actor_loss": -3.467906495302486e-08, "value_loss": 5645.35107421875, "entropy": 0.266645610332489, "total_loss": 2822.67529296875}
{"episode": 1200, "avg_reward": 361.04, "actor_loss": -0.0, "value_loss": 4553.5771484375, "entropy": 0.3105718791484833, "total_loss": 2276.788330078125}
{"episode": 1300, "avg_reward": 357.45, "actor_loss": 2.9009104451915846e-08, "value_loss": 1241.2025146484375, "entropy": 0.39079880714416504, "total_loss": 620.6008911132812}
{"episode": 1400, "avg_reward": 360.06, "actor_loss": 6.599822466313299e-09, "value_loss": 8561.185546875, "entropy": 0.24178501963615417, "total_loss": 4280.5927734375}
{"episode": 1500, "avg_reward": 421.4, "actor_loss": -1.8608279361842506e-08, "value_loss": 6125.97216796875, "entropy": 0.2618624269962311, "total_loss": 3062.98583984375}
{"episode": 1600, "avg_reward": 414.27, "actor_loss": 5.063757413381609e-08, "value_loss": 1951.7969970703125, "entropy": 0.22463101148605347, "total_loss": 975.8982543945312}
{"episode": 1700, "avg_reward": 367.42, "actor_loss": 1.741870825355818e-08, "value_loss": 9610.69921875, "entropy": 0.24959562718868256, "total_loss": 4805.34912109375}
{"episode": 1800, "avg_reward": 318.29, "actor_loss": -0.0, "value_loss": 11771.830078125, "entropy": 0.3024057447910309, "total_loss": 5885.91455078125}
{"episode": 1900, "avg_reward": 341.29, "actor_loss": 7.72151125261189e-08, "value_loss": 3093.283447265625, "entropy": 0.23951838910579681, "total_loss": 1546.6414794921875}
{"episode": 2000, "avg_reward": 334.87, "actor_loss": 4.7683716530855236e-08, "value_loss": 2527.138671875, "entropy": 0.20439712703227997, "total_loss": 1263.569091796875}
{"episode": 2100, "avg_reward": 414.81, "actor_loss": 1.0309992859447448e-08, "value_loss": 6957.82177734375, "entropy": 0.1791619062423706, "total_loss": 3478.91064453125}
{"episode": 2200, "avg_reward": 468.89, "actor_loss": 2.7642734323762852e-08, "value_loss": 8820.2919921875, "entropy": 0.15641339123249054, "total_loss": 4410.14599609375}
{"episode": 2300, "avg_reward": 440.73, "actor_loss": 3.689811478579941e-08, "value_loss": 4780.78955078125, "entropy": 0.11164630204439163, "total_loss": 2390.394775390625}
{"episode": 2400, "avg_reward": 514.04, "actor_loss": 5.886878540195539e-09, "value_loss": 3678.912353515625, "entropy": 0.13442379236221313, "total_loss": 1839.4560546875}
{"episode": 2500, "avg_reward": 452.39, "actor_loss": 3.9530540618670784e-08, "value_loss": 7504.669921875, "entropy": 0.16616761684417725, "total_loss": 3752.334716796875}
