{"episode": 100, "avg_reward": -128.25, "actor_loss": 9.011095869482233e-08, "value_loss": 3432.861328125, "entropy": 1.9121571779251099, "total_loss": 1716.4114990234375}
{"episode": 200, "avg_reward": -126.9, "actor_loss": 2.784018136026134e-07, "value_loss": 51.87484359741211, "entropy": 1.7369388341903687, "total_loss": 25.92005157470703}
{"episode": 300, "avg_reward": -120.15, "actor_loss": -7.578869087865314e-08, "value_loss": 1992.8319091796875, "entropy": 1.2582141160964966, "total_loss": 996.4033813476562}
{"episode": 400, "avg_reward": -124.2, "actor_loss": -2.3841858265427618e-08, "value_loss": 1587.2197265625, "entropy": 0.9353963732719421, "total_loss": 793.6005249023438}
{"episode": 500, "avg_reward": -128.25, "actor_loss": -3.1268010403096014e-09, "value_loss": 1344.4962158203125, "entropy": 0.7248702645301819, "total_loss": 672.2408447265625}
{"episode": 600, "avg_reward": -124.2, "actor_loss": -9.562943148466729e-08, "value_loss": 1471.11181640625, "entropy": 0.6587730646133423, "total_loss": 735.54931640625}
{"episode": 700, "avg_reward": -126.9, "actor_loss": -1.3888461047883993e-08, "value_loss": 1041.562255859375, "entropy": 0.6780951619148254, "total_loss": 520.7743530273438}
{"episode": 800, "avg_reward": -126.45, "actor_loss": -7.0123111761688506e-09, "value_loss": 1139.3763427734375, "entropy": 0.6992351412773132, "total_loss": 569.68115234375}
{"episode": 900, "avg_reward": -122.85, "actor_loss": 2.469059801057938e-08, "value_loss": 1319.3544921875, "entropy": 0.5767090320587158, "total_loss": 659.6715087890625}
{"episode": 1000, "avg_reward": -121.5, "actor_loss": 3.209481036492434e-08, "value_loss": 1314.0787353515625, "entropy": 0.6956232786178589, "total_loss": 657.0324096679688}
{"episode": 1100, "avg_reward": -126.9, "actor_loss": 6.811958996877365e-08, "value_loss": 1171.2142333984375, "entropy": 0.6387709975242615, "total_loss": 585.6007080078125}
{"episode": 1200, "avg_reward": -120.15, "actor_loss": 1.966338913916843e-08, "value_loss": 1212.8431396484375, "entropy": 0.7401494383811951, "total_loss": 606.4141845703125}
{"episode": 1300, "avg_reward": -132.3, "actor_loss": -0.0, "value_loss": 1295.06103515625, "entropy": 0.7086552381515503, "total_loss": 647.5234375}
{"episode": 1400, "avg_reward": -119.7, "actor_loss": 2.6864064750498073e-08, "value_loss": 1213.46240234375, "entropy": 0.7349532246589661, "total_loss": 606.723876953125}
{"episode": 1500, "avg_reward": -119.7, "actor_loss": -1.5698342181735825e-08, "value_loss": 1233.119140625, "entropy": 0.6694136261940002, "total_loss": 616.5528564453125}
{"episode": 1600, "avg_reward": -121.5, "actor_loss": -2.7723089601749962e-08, "value_loss": 1376.6761474609375, "entropy": 0.6920069456100464, "total_loss": 688.3311767578125}
{"episode": 1700, "avg_reward": -124.2, "actor_loss": 6.357828929992593e-09, "value_loss": 1244.977294921875, "entropy": 0.6300680637359619, "total_loss": 622.4823608398438}
{"episode": 1800, "avg_reward": -121.5, "actor_loss": 5.127632221046952e-07, "value_loss": 1999.9691162109375, "entropy": 0.6963706016540527, "total_loss": 999.9776000976562}
{"episode": 1900, "avg_reward": -122.85, "actor_loss": -3.288532113288056e-08, "value_loss": 1193.5028076171875, "entropy": 0.7966943383216858, "total_loss": 596.743408203125}
{"episode": 2000, "avg_reward": -124.65, "actor_loss": -0.0, "value_loss": 1183.6998291015625, "entropy": 0.6472145915031433, "total_loss": 591.8434448242188}
{"episode": 2100, "avg_reward": -121.05, "actor_loss": -6.5544627503300035e-09, "value_loss": 1273.04345703125, "entropy": 0.6960302591323853, "total_loss": 636.5147705078125}
{"episode": 2200, "avg_reward": -122.85, "actor_loss": 3.385826019552951e-08, "value_loss": 1304.7254638671875, "entropy": 0.7017964720726013, "total_loss": 652.355712890625}
{"episode": 2300, "avg_reward": -117.0, "actor_loss": -0.0, "value_loss": 1261.9744873046875, "entropy": 0.6396752595901489, "total_loss": 630.9808349609375}
{"episode": 2400, "avg_reward": -123.75, "actor_loss": 3.311369178859991e-09, "value_loss": 1261.3258056640625, "entropy": 0.7472809553146362, "total_loss": 630.6554565429688}
{"episode": 2500, "avg_reward": -124.65, "actor_loss": -8.414773766673989e-09, "value_loss": 1373.6663818359375, "entropy": 0.6708018779754639, "total_loss": 686.8264770507812}
{"episode": 2600, "avg_reward": -115.2, "actor_loss": -3.096345180253479e-09, "value_loss": 1269.7569580078125, "entropy": 0.7893775701522827, "total_loss": 634.87060546875}
{"episode": 2700, "avg_reward": -123.3, "actor_loss": 5.533263802703914e-08, "value_loss": 1076.5660400390625, "entropy": 0.695697009563446, "total_loss": 538.2760620117188}
{"episode": 2800, "avg_reward": -125.1, "actor_loss": 1.5506898876083142e-08, "value_loss": 1289.201416015625, "entropy": 0.6786104440689087, "total_loss": 644.5939331054688}
{"episode": 2900, "avg_reward": -125.1, "actor_loss": -6.836375021634922e-09, "value_loss": 1158.45849609375, "entropy": 0.7806060314178467, "total_loss": 579.221435546875}
{"episode": 3000, "avg_reward": -126.45, "actor_loss": 4.738754455502203e-08, "value_loss": 1213.173583984375, "entropy": 0.7431224584579468, "total_loss": 606.579345703125}
{"episode": 3100, "avg_reward": -122.4, "actor_loss": -3.05175760217935e-08, "value_loss": 1318.447998046875, "entropy": 0.7389819025993347, "total_loss": 659.2166137695312}
{"episode": 3200, "avg_reward": -116.55, "actor_loss": -1.1701525082230546e-08, "value_loss": 1330.33642578125, "entropy": 0.7270246744155884, "total_loss": 665.1609497070312}
{"episode": 3300, "avg_reward": -122.85, "actor_loss": 2.0788540666671906e-08, "value_loss": 1354.6632080078125, "entropy": 0.7388990521430969, "total_loss": 677.32421875}
{"episode": 3400, "avg_reward": -118.8, "actor_loss": -0.0, "value_loss": 1178.5263671875, "entropy": 0.7182528376579285, "total_loss": 589.2559814453125}
{"episode": 3500, "avg_reward": -118.35, "actor_loss": -0.0, "value_loss": 1184.14990234375, "entropy": 0.6723608374595642, "total_loss": 592.0682373046875}
{"episode": 3600, "avg_reward": -129.6, "actor_loss": -4.13517327046975e-08, "value_loss": 1365.6143798828125, "entropy": 0.7290064096450806, "total_loss": 682.7999267578125}
{"episode": 3700, "avg_reward": -119.25, "actor_loss": -6.66322677034259e-08, "value_loss": 1295.7994384765625, "entropy": 0.729762077331543, "total_loss": 647.8923950195312}
{"episode": 3800, "avg_reward": -122.4, "actor_loss": 2.8467889379157896e-08, "value_loss": 1224.8931884765625, "entropy": 0.7509888410568237, "total_loss": 612.4390869140625}
{"episode": 3900, "avg_reward": -116.55, "actor_loss": -2.0317409052950097e-06, "value_loss": 2057.37841796875, "entropy": 0.7332472205162048, "total_loss": 1028.681884765625}
{"episode": 4000, "avg_reward": -119.7, "actor_loss": 1.0899134927910836e-08, "value_loss": 1397.0892333984375, "entropy": 0.7335960865020752, "total_loss": 698.5372924804688}
{"episode": 4100, "avg_reward": -120.15, "actor_loss": -4.185404378631574e-08, "value_loss": 1292.5992431640625, "entropy": 0.7086802124977112, "total_loss": 646.2925415039062}
{"episode": 4200, "avg_reward": -117.45, "actor_loss": 2.7844505368079808e-08, "value_loss": 1164.4461669921875, "entropy": 0.8440674543380737, "total_loss": 582.2146606445312}
{"episode": 4300, "avg_reward": -113.85, "actor_loss": 1.5506898876083142e-08, "value_loss": 1234.8548583984375, "entropy": 0.7960589528083801, "total_loss": 617.4194946289062}
{"episode": 4400, "avg_reward": -119.25, "actor_loss": -1.888463962984588e-08, "value_loss": 1480.5751953125, "entropy": 0.6839960813522339, "total_loss": 740.28076171875}
{"episode": 4500, "avg_reward": -129.15, "actor_loss": -1.293117701806068e-08, "value_loss": 1215.838623046875, "entropy": 0.7682256102561951, "total_loss": 607.91162109375}
{"episode": 4600, "avg_reward": -127.35, "actor_loss": -0.0, "value_loss": 1626.80908203125, "entropy": 0.6062594056129456, "total_loss": 813.3984985351562}
{"episode": 4700, "avg_reward": -118.35,