{"episode": 100, "avg_reward": 320.85, "actor_loss": -6.228076898651125e-08, "value_loss": 8558.8642578125, "entropy": 0.07232777774333954, "total_loss": 4279.431640625}
{"episode": 200, "avg_reward": 353.59, "actor_loss": 1.1701525082230546e-08, "value_loss": 10467.1875, "entropy": 0.05343957245349884, "total_loss": 5233.59326171875}
{"episode": 300, "avg_reward": 353.94, "actor_loss": -5.4756419842760806e-08, "value_loss": 3870.291015625, "entropy": 0.0411037914454937, "total_loss": 1935.1451416015625}
{"episode": 400, "avg_reward": 350.06, "actor_loss": -4.302290079749582e-08, "value_loss": 8556.4794921875, "entropy": 0.03659489378333092, "total_loss": 4278.2392578125}
{"episode": 500, "avg_reward": 369.36, "actor_loss": -8.04303610379975e-08, "value_loss": 10427.3896484375, "entropy": 0.02403188869357109, "total_loss": 5213.69482421875}
{"episode": 600, "avg_reward": 426.48, "actor_loss": -0.0, "value_loss": 3755.00634765625, "entropy": 0.022695567458868027, "total_loss": 1877.5029296875}
{"episode": 700, "avg_reward": 335.57, "actor_loss": -1.5211982429264026e-07, "value_loss": 10007.4033203125, "entropy": 0.03822958096861839, "total_loss": 5003.701171875}
{"episode": 800, "avg_reward": 345.3, "actor_loss": 8.966168962842858e-08, "value_loss": 2373.900390625, "entropy": 0.02483186684548855, "total_loss": 1186.949951171875}
{"episode": 900, "avg_reward": 337.72, "actor_loss": 1.3154128453152225e-08, "value_loss": 5035.27685546875, "entropy": 0.025212913751602173, "total_loss": 2517.63818359375}
{"episode": 1000, "avg_reward": 351.16, "actor_loss": -5.935732794171145e-09, "value_loss": 8775.873046875, "entropy": 0.03695116937160492, "total_loss": 4387.93603515625}
{"episode": 1100, "avg_reward": 331.61, "actor_loss": 1.3479495741819392e-08, "value_loss": 1900.9814453125, "entropy": 0.023920483887195587, "total_loss": 950.490478515625}
{"episode": 1200, "avg_reward": 357.97, "actor_loss": -1.894717200912055e-07, "value_loss": 4243.720703125, "entropy": 0.028413835912942886, "total_loss": 2121.860107421875}
{"episode": 1300, "avg_reward": 328.48, "actor_loss": -3.769464029801384e-08, "value_loss": 7817.44921875, "entropy": 0.02807345613837242, "total_loss": 3908.724365234375}
{"episode": 1400, "avg_reward": 345.56, "actor_loss": 4.6520696628249425e-08, "value_loss": 8815.7021484375, "entropy": 0.019564472138881683, "total_loss": 4407.85107421875}
{"episode": 1500, "avg_reward": 317.3, "actor_loss": 3.165724038467488e-08, "value_loss": 7876.0234375, "entropy": 0.015543384477496147, "total_loss": 3938.011474609375}
{"episode": 1600, "avg_reward": 312.91, "actor_loss": 5.779844158837477e-08, "value_loss": 2660.62646484375, "entropy": 0.013003748841583729, "total_loss": 1330.3131103515625}
{"episode": 1700, "avg_reward": 271.42, "actor_loss": -4.7923332857635614e-08, "value_loss": 2645.85986328125, "entropy": 0.024838794022798538, "total_loss": 1322.9296875}
{"episode": 1800, "avg_reward": 300.57, "actor_loss": 1.380885947810384e-07, "value_loss": 2379.983642578125, "entropy": 0.028411300852894783, "total_loss": 1189.9915771484375}
{"episode": 1900, "avg_reward": 308.0, "actor_loss": -0.0, "value_loss": 4282.76123046875, "entropy": 0.013295480981469154, "total_loss": 2141.38037109375}
{"episode": 2000, "avg_reward": 308.79, "actor_loss": 6.970376631443287e-08, "value_loss": 24189.623046875, "entropy": 0.011318761855363846, "total_loss": 12094.8115234375}
{"episode": 2100, "avg_reward": 363.87, "actor_loss": -0.0, "value_loss": 2113.419189453125, "entropy": 0.016893306747078896, "total_loss": 1056.70947265625}
{"episode": 2200, "avg_reward": 321.45, "actor_loss": 1.0217939205858784e-07, "value_loss": 10983.9091796875, "entropy": 0.02386743389070034, "total_loss": 5491.95458984375}
{"episode": 2300, "avg_reward": 292.73, "actor_loss": -3.2744182476562855e-08, "value_loss": 12571.869140625, "entropy": 0.019170278683304787, "total_loss": 6285.9345703125}
{"episode": 2400, "avg_reward": 278.52, "actor_loss": 7.746934471697386e-08, "value_loss": 2089.784423828125, "entropy": 0.03391321003437042, "total_loss": 1044.891845703125}
{"episode": 2500, "avg_reward": 326.29, "actor_loss": 3.2465507615597744e-08, "value_loss": 3150.409912109375, "entropy": 0.008921533823013306, "total_loss": 1575.204833984375}
{"episode": 2600, "avg_reward": 343.36, "actor_loss": -0.0, "value_loss": 6447.79736328125, "entropy": 0.011682095937430859, "total_loss": 3223.898681640625}
{"episode": 2700, "avg_reward": 351.88, "actor_loss": 3.5935556752519915e-08, "value_loss": 4632.53857421875, "entropy": 0.010327102616429329, "total_loss": 2316.269287109375}
{"episode": 2800, "avg_reward": 361.69, "actor_loss": -5.672412228818757e-08, "value_loss": 7355.3623046875, "entropy": 0.024328922852873802, "total_loss": 3677.680908203125}
{"episode": 2900, "avg_reward": 357.03, "actor_loss": 8.12790617032988e-08, "value_loss": 3311.988037109375, "entropy": 0.024073483422398567, "total_loss": 1655.9937744140625}
{"episode": 3000, "avg_reward": 339.57, "actor_loss": 3.7645040862344104e-08, "value_loss": 3493.328857421875, "entropy": 0.013019409030675888, "total_loss": 1746.664306640625}
