{"episode": 100, "avg_reward": 118.61, "actor_loss": -1.2385380721013917e-08, "value_loss": 4320.92626953125, "entropy": 1.9393789768218994, "total_loss": 2160.461181640625}
{"episode": 200, "avg_reward": 114.46, "actor_loss": -0.0, "value_loss": 3618.6708984375, "entropy": 1.8801425695419312, "total_loss": 1809.3336181640625}
{"episode": 300, "avg_reward": 178.65, "actor_loss": 2.59503210031653e-08, "value_loss": 1875.919189453125, "entropy": 1.7708146572113037, "total_loss": 937.9578247070312}
{"episode": 400, "avg_reward": 250.06, "actor_loss": 6.152737341835746e-08, "value_loss": 6179.20654296875, "entropy": 1.530936598777771, "total_loss": 3089.601806640625}
{"episode": 500, "avg_reward": 259.93, "actor_loss": -0.0, "value_loss": 4521.322265625, "entropy": 1.171392798423767, "total_loss": 2260.659912109375}
{"episode": 600, "avg_reward": 266.98, "actor_loss": -1.4081096821882966e-07, "value_loss": 13710.1572265625, "entropy": 0.8745711445808411, "total_loss": 6855.07763671875}
{"episode": 700, "avg_reward": 332.1, "actor_loss": 3.565137518535266e-08, "value_loss": 2720.745849609375, "entropy": 0.6953867673873901, "total_loss": 1360.3721923828125}
{"episode": 800, "avg_reward": 301.24, "actor_loss": 7.947286206899662e-08, "value_loss": 11926.8134765625, "entropy": 0.5488595366477966, "total_loss": 5963.40625}
{"episode": 900, "avg_reward": 326.79, "actor_loss": 3.288532113288056e-08, "value_loss": 6899.95263671875, "entropy": 0.47551897168159485, "total_loss": 3449.975830078125}
{"episode": 1000, "avg_reward": 336.79, "actor_loss": 1.8699497061902548e-08, "value_loss": 14249.8408203125, "entropy": 0.5285803079605103, "total_loss": 7124.919921875}
{"episode": 1100, "avg_reward": 310.91, "actor_loss": -0.0, "value_loss": 6590.0966796875, "entropy": 0.5092338919639587, "total_loss": 3295.0478515625}
{"episode": 1200, "avg_reward": 391.1, "actor_loss": 1.2758184730898847e-08, "value_loss": 4885.40234375, "entropy": 0.43403151631355286, "total_loss": 2442.70068359375}
{"episode": 1300, "avg_reward": 381.82, "actor_loss": -5.914259304518055e-08, "value_loss": 11859.65625, "entropy": 0.39327168464660645, "total_loss": 5929.82763671875}
{"episode": 1400, "avg_reward": 360.81, "actor_loss": 8.84567512571266e-08, "value_loss": 23092.48828125, "entropy": 0.447807252407074, "total_loss": 11546.244140625}
{"episode": 1500, "avg_reward": 379.64, "actor_loss": 1.5894572769070692e-08, "value_loss": 3002.876708984375, "entropy": 0.4547256529331207, "total_loss": 1501.4378662109375}
{"episode": 1600, "avg_reward": 350.12, "actor_loss": 2.6738531389014497e-08, "value_loss": 3543.58642578125, "entropy": 0.47726789116859436, "total_loss": 1771.792724609375}
{"episode": 1700, "avg_reward": 433.24, "actor_loss": 7.188499573373974e-09, "value_loss": 7854.31005859375, "entropy": 0.38189902901649475, "total_loss": 3927.154541015625}
{"episode": 1800, "avg_reward": 410.68, "actor_loss": 4.748586235336916e-08, "value_loss": 6961.662109375, "entropy": 0.42308157682418823, "total_loss": 3480.83056640625}
{"episode": 1900, "avg_reward": 390.07, "actor_loss": -4.12647551684131e-08, "value_loss": 11870.0986328125, "entropy": 0.43192028999328613, "total_loss": 5935.048828125}
{"episode": 2000, "avg_reward": 457.2, "actor_loss": -1.2157320838923624e-07, "value_loss": 17625.5078125, "entropy": 0.3772920072078705, "total_loss": 8812.75390625}
{"episode": 2100, "avg_reward": 435.98, "actor_loss": 1.1280018696879779e-07, "value_loss": 5412.56787109375, "entropy": 0.4293191432952881, "total_loss": 2706.283447265625}
{"episode": 2200, "avg_reward": 452.99, "actor_loss": 1.6095768273771682e-08, "value_loss": 2118.496337890625, "entropy": 0.3895833194255829, "total_loss": 1059.247802734375}
{"episode": 2300, "avg_reward": 455.65, "actor_loss": -1.1193360682781872e-09, "value_loss": 12365.12890625, "entropy": 0.3714425563812256, "total_loss": 6182.56396484375}
{"episode": 2400, "avg_reward": 503.35, "actor_loss": -0.0, "value_loss": 3591.908447265625, "entropy": 0.3775618374347687, "total_loss": 1795.953857421875}
{"episode": 2500, "avg_reward": 518.48, "actor_loss": 6.087282855560261e-08, "value_loss": 6974.708984375, "entropy": 0.320650190114975, "total_loss": 3487.354248046875}
{"episode": 2600, "avg_reward": 512.58, "actor_loss": -2.1430883734296913e-08, "value_loss": 36479.96484375, "entropy": 0.3117081820964813, "total_loss": 18239.982421875}
{"episode": 2700, "avg_reward": 572.85, "actor_loss": 1.6028140592538875e-08, "value_loss": 12604.3681640625, "entropy": 0.3394497334957123, "total_loss": 6302.18359375}
{"episode": 2800, "avg_reward": 545.29, "actor_loss": 3.889987283400842e-07, "value_loss": 6664.1865234375, "entropy": 0.33450567722320557, "total_loss": 3332.093017578125}
{"episode": 2900, "avg_reward": 547.64, "actor_loss": 2.586235403612136e-08, "value_loss": 4518.828125, "entropy": 0.32096850872039795, "total_loss": 2259.413818359375}
{"episode": 3000, "avg_reward": 508.14, "actor_loss": -2.2639152774672766e-08, "value_loss": 5300.44140625, "entropy": 0.2920929193496704, "total_loss": 2650.220458984375}
