{"episode": 100, "avg_reward": -125.55, "actor_loss": -1.4570024120530434e-07, "value_loss": 4223.4892578125, "entropy": 1.4074641466140747, "total_loss": 2111.73046875}
{"episode": 200, "avg_reward": -130.95, "actor_loss": -0.0, "value_loss": 1129.666015625, "entropy": 0.7947387099266052, "total_loss": 564.8250732421875}
{"episode": 300, "avg_reward": -126.9, "actor_loss": 4.04589073355055e-08, "value_loss": 1425.902587890625, "entropy": 0.7669250965118408, "total_loss": 712.943603515625}
{"episode": 400, "avg_reward": -123.75, "actor_loss": 3.36096661612828e-08, "value_loss": 1398.241455078125, "entropy": 0.8032813668251038, "total_loss": 699.1126708984375}
{"episode": 500, "avg_reward": -122.85, "actor_loss": -1.4671912573760437e-08, "value_loss": 1320.2808837890625, "entropy": 0.7943673133850098, "total_loss": 660.1325073242188}
{"episode": 600, "avg_reward": -128.25, "actor_loss": -3.442867679837036e-08, "value_loss": 1188.9439697265625, "entropy": 0.7099186182022095, "total_loss": 594.4649047851562}
{"episode": 700, "avg_reward": -123.3, "actor_loss": -5.206842601523931e-08, "value_loss": 1235.4644775390625, "entropy": 0.7029113173484802, "total_loss": 617.7252197265625}
{"episode": 800, "avg_reward": -128.25, "actor_loss": 2.663894660415167e-09, "value_loss": 1216.52685546875, "entropy": 0.660479724407196, "total_loss": 608.2568359375}
{"episode": 900, "avg_reward": -122.85, "actor_loss": -2.3916596703088544e-08, "value_loss": 1262.80712890625, "entropy": 0.6606007218360901, "total_loss": 631.39697265625}
{"episode": 1000, "avg_reward": -121.5, "actor_loss": -0.0, "value_loss": 1325.3466796875, "entropy": 0.6205754280090332, "total_loss": 662.6671142578125}
{"episode": 1100, "avg_reward": -123.3, "actor_loss": 1.3432032375249037e-08, "value_loss": 1212.9490966796875, "entropy": 0.6074078679084778, "total_loss": 606.4684448242188}
{"episode": 1200, "avg_reward": -130.95, "actor_loss": -8.696118491968718e-09, "value_loss": 1317.297119140625, "entropy": 0.5343055129051208, "total_loss": 658.6431884765625}
{"episode": 1300, "avg_reward": -122.85, "actor_loss": -0.0, "value_loss": 1218.058837890625, "entropy": 0.6053177118301392, "total_loss": 609.0233764648438}
{"episode": 1400, "avg_reward": -132.3, "actor_loss": -5.577042827553669e-09, "value_loss": 1301.935546875, "entropy": 0.6362868547439575, "total_loss": 650.96142578125}
{"episode": 1500, "avg_reward": -125.55, "actor_loss": 5.5504852269905314e-08, "value_loss": 1119.272216796875, "entropy": 0.49068042635917664, "total_loss": 559.6312255859375}
{"episode": 1600, "avg_reward": -128.25, "actor_loss": 4.798361175062382e-08, "value_loss": 1317.29638671875, "entropy": 0.5522971153259277, "total_loss": 658.6427001953125}
{"episode": 1700, "avg_reward": -126.9, "actor_loss": -8.642673243741683e-09, "value_loss": 1298.91015625, "entropy": 0.6145850419998169, "total_loss": 649.4489135742188}
{"episode": 1800, "avg_reward": -128.25, "actor_loss": 1.4024622352337701e-08, "value_loss": 1264.509765625, "entropy": 0.5466813445091248, "total_loss": 632.2493896484375}
{"episode": 1900, "avg_reward": -130.95, "actor_loss": -0.0, "value_loss": 1279.880859375, "entropy": 0.5061018466949463, "total_loss": 639.9353637695312}
{"episode": 2000, "avg_reward": -131.85, "actor_loss": 4.9327979922964005e-08, "value_loss": 1203.5975341796875, "entropy": 0.5336114168167114, "total_loss": 601.79345703125}
{"episode": 2100, "avg_reward": -123.3, "actor_loss": 1.651384096135189e-08, "value_loss": 1179.9014892578125, "entropy": 0.4811459481716156, "total_loss": 589.9459228515625}
{"episode": 2200, "avg_reward": -126.9, "actor_loss": -0.0, "value_loss": 1244.4246826171875, "entropy": 0.5150036215782166, "total_loss": 622.2072143554688}
{"episode": 2300, "avg_reward": -121.05, "actor_loss": -0.0, "value_loss": 1412.15869140625, "entropy": 0.41917893290519714, "total_loss": 706.0751342773438}
{"episode": 2400, "avg_reward": -118.8, "actor_loss": -4.0154709779471887e-08, "value_loss": 1214.6673583984375, "entropy": 0.512869656085968, "total_loss": 607.3285522460938}
{"episode": 2500, "avg_reward": -125.55, "actor_loss": -5.960464122267695e-09, "value_loss": 1102.782958984375, "entropy": 0.3917044699192047, "total_loss": 551.3875732421875}
{"episode": 2600, "avg_reward": -114.75, "actor_loss": 3.860547167278128e-06, "value_loss": 7811.63720703125, "entropy": 0.5244828462600708, "total_loss": 3905.8134765625}
{"episode": 2700, "avg_reward": -124.2, "actor_loss": -0.0, "value_loss": 1233.4505615234375, "entropy": 0.5294206738471985, "total_loss": 616.719970703125}
{"episode": 2800, "avg_reward": -122.4, "actor_loss": 1.4504552225957923e-08, "value_loss": 1215.2568359375, "entropy": 0.45797932147979736, "total_loss": 607.6238403320312}
{"episode": 2900, "avg_reward": -126.9, "actor_loss": 4.596020630742714e-08, "value_loss": 1116.6837158203125, "entropy": 0.4298737645149231, "total_loss": 558.3375854492188}
{"episode": 3000, "avg_reward": -128.25, "actor_loss": -1.2673412541630569e-08, "value_loss": 1242.8548583984375, "entropy": 0.46832993626594543, "total_loss": 621.4227294921875}
