{"episode": 100, "avg_reward": -7.2, "actor_loss": 2.167441692790817e-07, "value_loss": 1526.3143310546875, "entropy": 1.9502794742584229, "total_loss": 763.1376342773438}
{"episode": 200, "avg_reward": 4.05, "actor_loss": -2.7345500086539687e-08, "value_loss": 354.81640625, "entropy": 1.9969013929367065, "total_loss": 177.3882293701172}
{"episode": 300, "avg_reward": -6.3, "actor_loss": -4.191975122580516e-08, "value_loss": 364.527587890625, "entropy": 1.9113212823867798, "total_loss": 182.2446746826172}
{"episode": 400, "avg_reward": -13.95, "actor_loss": 1.3384902963764489e-08, "value_loss": 3220.479248046875, "entropy": 1.9119853973388672, "total_loss": 1610.220458984375}
{"episode": 500, "avg_reward": -3.15, "actor_loss": -0.0, "value_loss": 361.0768737792969, "entropy": 1.9196664094924927, "total_loss": 180.5192413330078}
{"episode": 600, "avg_reward": 5.85, "actor_loss": -2.095987561290258e-08, "value_loss": 365.87237548828125, "entropy": 2.024780511856079, "total_loss": 182.9159393310547}
{"episode": 700, "avg_reward": 5.4, "actor_loss": 4.161487865417257e-08, "value_loss": 358.28436279296875, "entropy": 1.9490526914596558, "total_loss": 179.12269592285156}
{"episode": 800, "avg_reward": 2.25, "actor_loss": -1.3479495741819392e-08, "value_loss": 344.12664794921875, "entropy": 1.8469736576080322, "total_loss": 172.04486083984375}
{"episode": 900, "avg_reward": -2.25, "actor_loss": 5.3539611855057956e-08, "value_loss": 1403.9798583984375, "entropy": 1.8528757095336914, "total_loss": 701.9713745117188}
{"episode": 1000, "avg_reward": 5.85, "actor_loss": -5.4691000173079374e-08, "value_loss": 3301.1669921875, "entropy": 2.0195226669311523, "total_loss": 1650.5633544921875}
{"episode": 1100, "avg_reward": 14.85, "actor_loss": -1.0527573834906434e-07, "value_loss": 1288.3680419921875, "entropy": 1.8317183256149292, "total_loss": 644.1657104492188}
{"episode": 1200, "avg_reward": 29.25, "actor_loss": 9.721922822336637e-08, "value_loss": 1432.6634521484375, "entropy": 1.378940224647522, "total_loss": 716.3179321289062}
{"episode": 1300, "avg_reward": 54.9, "actor_loss": -3.381823887593782e-08, "value_loss": 584.9117431640625, "entropy": 0.7167606949806213, "total_loss": 292.4486999511719}
{"episode": 1400, "avg_reward": 66.6, "actor_loss": -1.1748161909963528e-07, "value_loss": 374.06573486328125, "entropy": 0.7369192242622375, "total_loss": 187.02549743652344}
{"episode": 1500, "avg_reward": 68.4, "actor_loss": -1.0403719841178827e-07, "value_loss": 952.251220703125, "entropy": 0.7404845952987671, "total_loss": 476.1181945800781}
{"episode": 1600, "avg_reward": 64.35, "actor_loss": 1.7606295088512525e-08, "value_loss": 589.249755859375, "entropy": 0.775449275970459, "total_loss": 294.61712646484375}
{"episode": 1700, "avg_reward": 57.15, "actor_loss": 1.6001246549990356e-08, "value_loss": 516.2158203125, "entropy": 0.8451249599456787, "total_loss": 258.0994567871094}
{"episode": 1800, "avg_reward": 37.8, "actor_loss": 2.7743253028233994e-08, "value_loss": 593.40576171875, "entropy": 0.8448942303657532, "total_loss": 296.6944274902344}
{"episode": 1900, "avg_reward": 40.5, "actor_loss": -0.0, "value_loss": 543.0244140625, "entropy": 0.7390701770782471, "total_loss": 271.50482177734375}
{"episode": 2000, "avg_reward": 43.65, "actor_loss": -7.680598912429559e-08, "value_loss": 664.7490844726562, "entropy": 0.7793646454811096, "total_loss": 332.36676025390625}
{"episode": 2100, "avg_reward": 34.65, "actor_loss": 2.8152747688636737e-08, "value_loss": 622.46044921875, "entropy": 0.9282906651496887, "total_loss": 311.220947265625}
{"episode": 2200, "avg_reward": 47.25, "actor_loss": -6.811959440966575e-09, "value_loss": 518.3310546875, "entropy": 0.729484498500824, "total_loss": 259.1582336425781}
{"episode": 2300, "avg_reward": 45.9, "actor_loss": -6.739747870909696e-09, "value_loss": 519.0709838867188, "entropy": 0.667453944683075, "total_loss": 259.52880859375}
{"episode": 2400, "avg_reward": 54.45, "actor_loss": 5.763965660321446e-08, "value_loss": 638.5715942382812, "entropy": 0.6265947222709656, "total_loss": 319.279541015625}
{"episode": 2500, "avg_reward": 53.55, "actor_loss": 2.8362061144093786e-08, "value_loss": 510.6543884277344, "entropy": 0.7208192944526672, "total_loss": 255.3199920654297}
{"episode": 2600, "avg_reward": 38.7, "actor_loss": -6.961126342019952e-09, "value_loss": 237.64002990722656, "entropy": 0.8247141242027283, "total_loss": 118.811767578125}
{"episode": 2700, "avg_reward": 57.6, "actor_loss": -0.0, "value_loss": 544.991455078125, "entropy": 0.7628000378608704, "total_loss": 272.48809814453125}
{"episode": 2800, "avg_reward": 52.65, "actor_loss": 2.851517777457957e-08, "value_loss": 325.6840515136719, "entropy": 0.7803353667259216, "total_loss": 162.834228515625}
{"episode": 2900, "avg_reward": 48.6, "actor_loss": 2.9932843403912557e-07, "value_loss": 835.5924072265625, "entropy": 0.8683509230613708, "total_loss": 417.7875061035156}
{"episode": 3000, "avg_reward": 49.95, "actor_loss": -8.4024165403207e-09, "value_loss": 555.6050415039062, "entropy": 0.793570876121521, "total_loss": 277.7945861816406}
