{"episode": 100, "avg_reward": 122.26, "actor_loss": 1.4671912573760437e-08, "value_loss": 3005.643798828125, "entropy": 2.0017473697662354, "total_loss": 1502.8199462890625}
{"episode": 200, "avg_reward": 92.84, "actor_loss": -0.0, "value_loss": 719.655517578125, "entropy": 1.9646058082580566, "total_loss": 359.8258056640625}
{"episode": 300, "avg_reward": 137.68, "actor_loss": 1.2662896153869951e-07, "value_loss": 1047.2978515625, "entropy": 1.956670880317688, "total_loss": 523.64697265625}
{"episode": 400, "avg_reward": 148.97, "actor_loss": -1.0386551707597391e-07, "value_loss": 2888.23828125, "entropy": 1.703669548034668, "total_loss": 1444.117431640625}
{"episode": 500, "avg_reward": 203.66, "actor_loss": 1.4024622352337701e-08, "value_loss": 8486.2451171875, "entropy": 1.4875266551971436, "total_loss": 4243.12109375}
{"episode": 600, "avg_reward": 235.16, "actor_loss": -2.8753998293495897e-08, "value_loss": 8070.021484375, "entropy": 1.1883691549301147, "total_loss": 4035.009521484375}
{"episode": 700, "avg_reward": 297.55, "actor_loss": -8.63705054143793e-08, "value_loss": 5510.57861328125, "entropy": 1.0870709419250488, "total_loss": 2755.288330078125}
{"episode": 800, "avg_reward": 254.69, "actor_loss": 1.4356388078340387e-07, "value_loss": 9309.9033203125, "entropy": 0.8387974500656128, "total_loss": 4654.95068359375}
{"episode": 900, "avg_reward": 302.59, "actor_loss": 5.298190686175985e-08, "value_loss": 5860.1064453125, "entropy": 0.8095272183418274, "total_loss": 2930.052490234375}
{"episode": 1000, "avg_reward": 310.3, "actor_loss": 2.72478377638663e-08, "value_loss": 3548.267822265625, "entropy": 0.7251368761062622, "total_loss": 1774.1331787109375}
{"episode": 1100, "avg_reward": 281.96, "actor_loss": -0.0, "value_loss": 1348.221923828125, "entropy": 0.8670839071273804, "total_loss": 674.110107421875}
{"episode": 1200, "avg_reward": 321.23, "actor_loss": -8.430270526105232e-08, "value_loss": 2509.635009765625, "entropy": 0.6788025498390198, "total_loss": 1254.8167724609375}
{"episode": 1300, "avg_reward": 367.61, "actor_loss": -0.0, "value_loss": 1465.3543701171875, "entropy": 0.6534425616264343, "total_loss": 732.676513671875}
{"episode": 1400, "avg_reward": 366.39, "actor_loss": -6.340216884836991e-08, "value_loss": 7968.39501953125, "entropy": 0.5885530114173889, "total_loss": 3984.197021484375}
{"episode": 1500, "avg_reward": 415.11, "actor_loss": 2.916435271060891e-08, "value_loss": 10770.796875, "entropy": 0.46732911467552185, "total_loss": 5385.39794921875}
{"episode": 1600, "avg_reward": 420.58, "actor_loss": -1.098703172885962e-08, "value_loss": 4167.876953125, "entropy": 0.454203337430954, "total_loss": 2083.93798828125}
{"episode": 1700, "avg_reward": 355.07, "actor_loss": -1.2148717587479041e-08, "value_loss": 3309.292724609375, "entropy": 0.4960601329803467, "total_loss": 1654.6458740234375}
{"episode": 1800, "avg_reward": 428.93, "actor_loss": 8.116376903899436e-09, "value_loss": 6329.07470703125, "entropy": 0.4723510444164276, "total_loss": 3164.536865234375}
{"episode": 1900, "avg_reward": 412.03, "actor_loss": -2.8790168471459765e-08, "value_loss": 5258.52099609375, "entropy": 0.4986998438835144, "total_loss": 2629.260009765625}
{"episode": 2000, "avg_reward": 412.2, "actor_loss": -1.5089783866883977e-09, "value_loss": 12373.8828125, "entropy": 0.4249339699745178, "total_loss": 6186.94091796875}
