{"episode": 100, "avg_reward": 137.83, "actor_loss": -2.0219243168639878e-08, "value_loss": 385.232666015625, "entropy": 1.9771238565444946, "total_loss": 192.61434936523438}
{"episode": 200, "avg_reward": 125.19, "actor_loss": 1.525878978725359e-08, "value_loss": 6844.95751953125, "entropy": 1.9050548076629639, "total_loss": 3422.476806640625}
{"episode": 300, "avg_reward": 202.47, "actor_loss": -2.7345500086539687e-08, "value_loss": 6839.564453125, "entropy": 1.7251129150390625, "total_loss": 3419.780517578125}
{"episode": 400, "avg_reward": 275.46, "actor_loss": 2.482939009951224e-07, "value_loss": 24576.908203125, "entropy": 1.2937631607055664, "total_loss": 12288.453125}
{"episode": 500, "avg_reward": 355.99, "actor_loss": 8.233159576320759e-08, "value_loss": 19066.01171875, "entropy": 1.0481985807418823, "total_loss": 9533.0048828125}
{"episode": 600, "avg_reward": 385.4, "actor_loss": -7.450580596923828e-09, "value_loss": 9492.4580078125, "entropy": 0.7163732647895813, "total_loss": 4746.228515625}
{"episode": 700, "avg_reward": 429.42, "actor_loss": -1.8947172719663286e-08, "value_loss": 3159.19970703125, "entropy": 0.5659317970275879, "total_loss": 1579.5992431640625}
{"episode": 800, "avg_reward": 457.17, "actor_loss": 4.629487193597015e-08, "value_loss": 2805.96337890625, "entropy": 0.5112875699996948, "total_loss": 1402.981201171875}
{"episode": 900, "avg_reward": 418.88, "actor_loss": 2.8753998293495897e-08, "value_loss": 3456.787353515625, "entropy": 0.4003388583660126, "total_loss": 1728.393310546875}
{"episode": 1000, "avg_reward": 400.23, "actor_loss": 1.8517948063845324e-08, "value_loss": 6526.8349609375, "entropy": 0.43624454736709595, "total_loss": 3263.4169921875}
{"episode": 1100, "avg_reward": 424.62, "actor_loss": 7.2522761129789615e-09, "value_loss": 2396.713623046875, "entropy": 0.4283342659473419, "total_loss": 1198.3563232421875}
{"episode": 1200, "avg_reward": 406.87, "actor_loss": 3.667978276666872e-08, "value_loss": 38654.28125, "entropy": 0.4887433350086212, "total_loss": 19327.140625}
{"episode": 1300, "avg_reward": 433.76, "actor_loss": 1.1330783422636159e-07, "value_loss": 11259.6181640625, "entropy": 0.4300646483898163, "total_loss": 5629.80859375}
{"episode": 1400, "avg_reward": 423.92, "actor_loss": -1.907348590179936e-08, "value_loss": 5410.99609375, "entropy": 0.31808212399482727, "total_loss": 2705.497802734375}
{"episode": 1500, "avg_reward": 471.82, "actor_loss": -1.1398498145354097e-08, "value_loss": 9627.3896484375, "entropy": 0.34882521629333496, "total_loss": 4813.6943359375}
{"episode": 1600, "avg_reward": 537.68, "actor_loss": 6.781684191992099e-08, "value_loss": 3178.186279296875, "entropy": 0.2982383668422699, "total_loss": 1589.0928955078125}
{"episode": 1700, "avg_reward": 495.06, "actor_loss": 4.427773703241655e-08, "value_loss": 5304.68310546875, "entropy": 0.3742997944355011, "total_loss": 2652.341064453125}
{"episode": 1800, "avg_reward": 553.1, "actor_loss": -1.1490051576856786e-08, "value_loss": 8095.111328125, "entropy": 0.320205956697464, "total_loss": 4047.555419921875}
{"episode": 1900, "avg_reward": 558.2, "actor_loss": -7.680598912429559e-08, "value_loss": 7683.63330078125, "entropy": 0.37363341450691223, "total_loss": 3841.816162109375}
{"episode": 2000, "avg_reward": 515.46, "actor_loss": 3.5762788286319847e-08, "value_loss": 6769.5830078125, "entropy": 0.3452273905277252, "total_loss": 3384.791259765625}
{"episode": 2100, "avg_reward": 528.29, "actor_loss": -5.0998629319565225e-08, "value_loss": 4532.09619140625, "entropy": 0.3920162618160248, "total_loss": 2266.047607421875}
{"episode": 2200, "avg_reward": 512.15, "actor_loss": -1.2466331078542225e-08, "value_loss": 3308.85107421875, "entropy": 0.3965367376804352, "total_loss": 1654.4251708984375}
{"episode": 2300, "avg_reward": 532.11, "actor_loss": -3.260425174289594e-08, "value_loss": 5164.044921875, "entropy": 0.26573440432548523, "total_loss": 2582.022216796875}
{"episode": 2400, "avg_reward": 525.51, "actor_loss": 1.939676508300181e-07, "value_loss": 10431.544921875, "entropy": 0.31503865122795105, "total_loss": 5215.77197265625}
{"episode": 2500, "avg_reward": 494.55, "actor_loss": 3.106430890298384e-09, "value_loss": 4748.32666015625, "entropy": 0.31353452801704407, "total_loss": 2374.1630859375}
{"episode": 2600, "avg_reward": 565.85, "actor_loss": -0.0, "value_loss": 1072.6983642578125, "entropy": 0.3384058475494385, "total_loss": 536.3488159179688}
{"episode": 2700, "avg_reward": 583.6, "actor_loss": -0.0, "value_loss": 1818.2298583984375, "entropy": 0.27908551692962646, "total_loss": 909.1146240234375}
{"episode": 2800, "avg_reward": 535.42, "actor_loss": -3.612402821318028e-08, "value_loss": 1807.2479248046875, "entropy": 0.280536413192749, "total_loss": 903.6236572265625}
{"episode": 2900, "avg_reward": 587.49, "actor_loss": 6.007397246321489e-08, "value_loss": 7082.46337890625, "entropy": 0.27580663561820984, "total_loss": 3541.2314453125}
{"episode": 3000, "avg_reward": 578.4, "actor_loss": -0.0, "value_loss": 5779.61865234375, "entropy": 0.29497846961021423, "total_loss": 2889.80908203125}
